 Óbitos por Causas Externas - Brasil;;;;;;;;;;;;;;;;;;;;
Óbitos p/Residênc por Microrregião IBGE e Ano do Óbito;;;;;;;;;;;;;;;;;;;;
Microrregião IBGE: 11001 Porto Velho, 11002 Guajará-Mirim, 11003 Ariquemes, 11004 Ji-Paraná, 11005 Alvorada D'Oeste, 11006 Cacoal, 11007 Vilhena, 11008 Colorado Oeste, 11000 Ignorado - RO, 12001 Cruzeiro do Sul, 12002 Tarauacá, 12003 Sena Madureira, 12004 Rio Branco, 12005 Brasiléia, 12000 Ignorado - AC, 13001 Rio Negro AM, 13002 Japurá, 13003 Alto Solimões, 13004 Juruá, 13005 Tefé, 13006 Coari, 13007 Manaus, 13008 R.Preto da Eva, 13009 Itacoatiara, 13010 Parintins, 13011 Boca do Acre, 13012 Purus, 13013 Madeira, 13000 Ignorado - AM, 14001 Boa Vista, 14002 Nordeste RR, 14003 Caracaraí, 14004 Sudeste RR, 14000 Ignorado - RR, 15001 Óbidos, 15002 Santarém, 15003 Almeirim, 15004 Portel, 15005 Furos de Breves, 15006 Arari, 15007 Belém, 15008 Castanhal, 15009 Salgado, 15010 Bragantina, 15011 Cametá, 15012 Tomé-Açu, 15013 Guamá, 15014 Itaituba, 15015 Altamira, 15016 Tucuruí, 15017 Paragominas, 15018 S.Félix Xingu, 15019 Parauapebas, 15020 Marabá, 15021 Redenção, 15022 Conc.Araguaia, 15000 Ignorado - PA, 16001 Oiapoque, 16002 Amapá, 16003 Macapá, 16004 Mazagão, 16000 Ignorado - AP, 17001 Bico Papagaio, 17002 Araguaína, 17003 Miracema TO, 17004 Rio Formoso, 17005 Gurupi TO, 17006 Porto Nacional, 17007 Jalapão, 17008 Dianópolis, 17000 Ignorado - TO, 21001 Litoral Ocid.MA, 21002 São Luís, 21003 Rosário, 21004 Lençóis MA, 21005 Baixada MA, 21006 Itapecuru Mirim, 21007 Gurupi MA, 21008 Pindaré, 21009 Imperatriz, 21010 Médio Mearim, 21011 A.Mearim/Grajaú, 21012 Pres. Dutra, 21013 B.Parnaíba MA, 21014 Chapadinha, 21015 Codó, 21016 Coelho Neto, 21017 Caxias, 21018 Chap.Itapecuru, 21019 Porto Franco, 21020 Gerais Balsas, 21021 Chap.Mangab., 21000 Ignorado - MA, 22001 B.Parnaíba PI, 22002 Litoral PI, 22003 Teresina, 22004 Campo Maior, 22005 M.Parnaíba PI, 22006 Valença PI, 22007 A.Parnaíba PI, 22008 Bertolínia, 22009 Floriano, 22010 A.M.Gurguéia, 22011 S.Raim.Nonato, 22012 Chap.Ext.Sul PI, 22013 Picos, 22014 Pio IX, 22015 A.M.Canindé, 22000 Ignorado - PI, 23001 Camocim/Acaraú, 23002 Ibiapaba, 23003 Coreaú, 23004 Meruoca, 23005 Sobral, 23006 Ipu, 23007 Santa Quitéria, 23008 Itapipoca, 23009 Baixo Curu, 23010 Uruburetama, 23011 Médio Curu, 23012 Canindé, 23013 Baturité, 23014 Chorozinho, 23015 Cascavel CE, 23016 Fortaleza, 23017 Pacajus, 23018 Sertão Cratéus, 23019 Quixeramobim, 23020 Sertão Inhamuns, 23021 Senador Pompeu, 23022 Litoral Aracati, 23023 Baixo Jaguaribe, 23024 Médio Jaguaribe, 23025 Serra Pereiro, 23026 Iguatu, 23027 Várzea Alegre, 23028 Lavr.Mangabeira, 23029 Chap.Araripe, 23030 Caririaçu, 23031 Barro, 23032 Cariri, 23033 Brejo Santo, 23000 Ignorado - CE, 24001 Mossoró, 24002 Chap.Apodi, 24003 Médio Oeste, 24004 Vale do Açu, 24005 Serra S.Miguel, 24006 Pau dos Ferros, 24007 Umarizal, 24008 Macau, 24009 Angicos, 24010 Serra Santana, 24011 Seridó Ocid., 24012 Seridó Oriental, 24013 Baixa Verde, 24014 Borborema RN, 24015 Agreste RN, 24016 Litoral NE, 24017 Macaíba, 24018 Natal, 24019 Litoral Sul RN, 24000 Ignorado - RN, 25001 Catolé do Rocha, 25002 Cajazeiras, 25003 Sousa, 25004 Patos, 25005 Piancó, 25006 Itaporanga, 25007 Serra Teixeira, 25008 Seridó Ocid.PB, 25009 Seridó Or.PB, 25010 Cariri Ocid., 25011 Cariri Oriental, 25012 Curimataú Ocid., 25013 Curimataú Or., 25014 Esperança, 25015 Brejo PB, 25016 Guarabira, 25017 Campina Grande, 25018 Itabaiana, 25019 Umbuzeiro, 25020 Litoral Norte, 25021 Sapé, 25022 João Pessoa, 25023 Litoral Sul PB, 25000 Ignorado - PB, 26001 Araripina, 26002 Salgueiro, 26003 Pajeú, 26004 Sertão Moxotó, 26005 Petrolina, 26006 Itaparica, 26007 Vale do Ipanema, 26008 Vale do Ipojuca, 26009 Alto Capibaribe, 26010 M.Capibaribe, 26011 Garanhuns, 26012 Brejo PE, 26013 Mata Set.PE, 26014 Vitória S.Antão, 26015 Mata Merid.PE, 26016 Itamaracá, 26017 Recife, 26018 Suape, 26019 Fern.Noronha, 26000 Ignorado - PE, 27001 Serr.Sertão AL, 27002 Sert.S.Franc.AL, 27003 Santana Ipanema, 27004 Batalha, 27005 Palmeira Índios, 27006 Arapiraca, 27007 Traipu, 27008 Serr.Quilombos, 27009 Mata AL, 27010 Litoral N AL, 27011 Maceió, 27012 S.Miguel Campos, 27013 Penedo, 27000 Ignorado - AL, 28001 Sert.S.Franc.SE, 28002 Carira, 28003 NS das Dores, 28004 Agr.Itabaiana, 28005 Tobias Barreto, 28006 Agr.Lagarto, 28007 Propriá, 28008 Cotinguiba, 28009 Japaratuba, 28010 B.Cotinguiba, 28011 Aracaju, 28012 Boquim, 28013 Estância, 28000 Ignorado - SE, 29001 Barreiras, 29002 Cotegipe, 29003 S Maria Vitória, 29004 Juazeiro, 29005 Paulo Afonso, 29006 Barra, 29007 B Jesus da Lapa, 29008 Senhor Bonfim, 29009 Irecê, 29010 Jacobina, 29011 Itaberaba, 29012 F Santana, 29013 Jeremoabo, 29014 Euclides Cunha, 29015 Ribeira Pombal, 29016 Serrinha, 29017 Alagoinhas, 29018 Entre Rios, 29019 Catu, 29020 S Antônio Jesus, 29021 Salvador, 29022 Boquira, 29023 Seabra, 29024 Jequié, 29025 Livr.Brumado, 29026 Guanambi, 29027 Brumado, 29028 Vit.Conquista, 29029 Itapetinga, 29030 Valença, 29031 Ilhéus-Itabuna, 29032 Porto Seguro, 29000 Ignorado - BA, 31001 Unaí, 31002 Paracatu, 31003 Januária, 31004 Janaúba, 31005 Salinas, 31006 Pirapora, 31007 Montes Claros, 31008 Grão Mogol, 31009 Bocaiúva, 31010 Diamantina, 31011 Capelinha, 31012 Araçuaí, 31013 Pedra Azul, 31014 Almenara, 31015 Teófilo Otoni, 31016 Nanuque, 31017 Ituiutaba, 31018 Uberlândia, 31019 Patrocínio, 31020 Patos de Minas, 31021 Frutal, 31022 Uberaba, 31023 Araxá, 31024 Três Marias, 31025 Curvelo, 31026 Bom Despacho, 31027 Sete Lagoas, 31028 Conc. M. Dentro, 31029 Pará de Minas, 31030 B Horizonte, 31031 Itabira, 31032 Itaguara, 31033 Ouro Preto, 31034 Cons. Lafaiete, 31035 Guanhães, 31036 Peçanha, 31037 Gov. Valadares, 31038 Mantena, 31039 Ipatinga, 31040 Caratinga, 31041 Aimorés, 31042 Piuí, 31043 Divinópolis, 31044 Formiga, 31045 Campo Belo, 31046 Oliveira, 31047 Passos, 31048 S. Seb. Paraíso, 31049 Alfenas, 31050 Varginha, 31051 P. Caldas, 31052 P. Alegre, 31053 S Rita Sapucaí, 31054 S. Lourenço, 31055 Andrelândia, 31056 Itajubá, 31057 Lavras, 31058 S J del Rei, 31059 Barbacena, 31060 Ponte Nova, 31061 Manhuaçu, 31062 Viçosa, 31063 Muriaé, 31064 Ubá, 31065 Juiz de Fora, 31066 Cataguases, 31000 Ignorado - MG, 32001 Barra S.Franc., 32002 Nova Venécia, 32003 Colatina, 32004 Montanha, 32005 São Mateus, 32006 Linhares, 32007 Afonso Cláudio, 32008 Santa Teresa, 32009 Vitória, 32010 Guarapari, 32011 Alegre, 32012 Cach.Itapemirim, 32013 Itapemirim, 32000 Ignorado - ES, 33001 Itaperuna, 33002 S.Antônio Pádua, 33003 Campos Goytac., 33004 Macaé, 33005 Três Rios, 33006 Cantag/Cordeiro, 33007 Nova Friburgo, 33008 S.M.Madalena, 33009 Bacia de S.João, 33010 Lagos, 33011 Vale Paraíba RJ, 33012 Barra do Piraí, 33013 Baía I.Grande, 33014 Vassouras, 33015 Serrana, 33016 Macacu-Caceribu, 33017 Itaguaí, 33018 Rio de Janeiro, 33000 Ignorado - RJ, 35001 Jales, 35002 Fernandópolis, 35003 Votuporanga, 35004 S.José R.Preto, 35005 Catanduva, 35006 Auriflama, 35007 Nhandeara, 35008 Novo Horizonte, 35009 Barretos, 35010 S.Joaquim Barra, 35011 Ituverava, 35012 Franca, 35013 Jaboticabal, 35014 Ribeirão Preto, 35015 Batatais, 35016 Andradina, 35017 Araçatuba, 35018 Birigui, 35019 Lins, 35020 Bauru, 35021 Jaú, 35022 Avaré, 35023 Botucatu, 35024 Araraquara, 35025 São Carlos, 35026 Rio Claro, 35027 Limeira, 35028 Piracicaba, 35029 Pirassununga, 35030 S.João B.Vista, 35031 Mogi Mirim, 35032 Campinas, 35033 Amparo, 35034 Dracena, 35035 Adamantina, 35036 Pres.Prudente, 35037 Tupã, 35038 Marília, 35039 Assis, 35040 Ourinhos, 35041 Itapeva, 35042 Itapetininga, 35043 Tatuí, 35044 Capão Bonito, 35045 Piedade, 35046 Sorocaba, 35047 Jundiaí, 35048 Bragança SP, 35049 Campos Jordão, 35050 S.José Campos, 35051 Guaratinguetá, 35052 Bananal, 35053 Par./Paraitinga, 35054 Caraguatatuba, 35055 Registro, 35056 Itanhaém, 35057 Osasco, 35058 Franco da Rocha, 35059 Guarulhos, 35060 Itapec.Serra, 35061 São Paulo, 35062 Mogi das Cruzes, 35063 Santos, 35000 Ignorado - SP, 41001 Paranavaí, 41002 Umuarama, 41003 Cianorte, 41004 Goioerê, 41005 Campo Mourão, 41006 Astorga, 41007 Porecatu, 41008 Floraí, 41009 Maringá, 41010 Apucarana, 41011 Londrina, 41012 Faxinal, 41013 Ivaiporã, 41014 Assaí, 41015 Corn.Procópio, 41016 Jacarezinho, 41017 Ibaiti, 41018 Wenceslau Braz, 41019 Telêmaco Borba, 41020 Jaguariaíva, 41021 Ponta Grossa, 41022 Toledo, 41023 Cascavel PR, 41024 Foz do Iguaçu, 41025 Capanema, 41026 Franc.Beltrão, 41027 Pato Branco, 41028 Pitanga, 41029 Guarapuava, 41030 Palmas, 41031 Prudentópolis, 41032 Irati, 41033 União Vitória, 41034 S.Mateus do Sul, 41035 Cerro Azul, 41036 Lapa, 41037 Curitiba, 41038 Paranaguá, 41039 Rio Negro PR, 41000 Ignorado - PR, 42001 S.Miguel Oeste, 42002 Chapecó, 42003 Xanxerê, 42004 Joaçaba, 42005 Concórdia, 42006 Canoinhas, 42007 S.Bento do Sul, 42008 Joinville, 42009 Curitibanos, 42010 Campos de Lages, 42011 Rio do Sul, 42012 Blumenau, 42013 Itajaí, 42014 Ituporanga, 42015 Tijucas, 42016 Florianópolis, 42017 Tabuleiro, 42018 Tubarão, 42019 Criciúma, 42020 Araranguá, 42000 Ignorado - SC, 43001 Santa Rosa, 43002 Três Passos, 43003 Fred.Westphalen, 43004 Erechim, 43005 Sananduva, 43006 Cerro Largo, 43007 Santo Ângelo, 43008 Ijuí, 43009 Carazinho, 43010 Passo Fundo, 43011 Cruz Alta, 43012 Não-Me-Toque, 43013 Soledade, 43014 Guaporé, 43015 Vacaria, 43016 Caxias do Sul, 43017 Santiago, 43018 Santa Maria, 43019 Restinga Seca, 43020 S. Cruz do Sul, 43021 Lajeado-Estrela, 43022 Cachoeira Sul, 43023 Montenegro, 43024 Gramado-Canela, 43025 S. Jerônimo, 43026 Porto Alegre, 43027 Osório, 43028 Camaquã, 43029 Campanha Ocid., 43030 Campanha Centr., 43031 Campanha Merid., 43032 Serras Sudeste, 43033 Pelotas, 43034 Jaguarão, 43035 Litoral Lagunar, 43000 Ignorado - RS, 50001 Baixo Pantanal, 50002 Aquidauana, 50003 Alto Taquari, 50004 Campo Grande, 50005 Cassilândia, 50006 Paranaíba, 50007 Três Lagoas, 50008 Nova Andradina, 50009 Bodoquena, 50010 Dourados, 50011 Iguatemi, 50000 Ignorado - MS, 51001 Aripuanã, 51002 Alta Floresta, 51003 Colíder, 51004 Parecis, 51005 Arinos, 51006 A.Teles Pires, 51007 Sinop, 51008 Paranatinga, 51009 Norte Araguaia, 51010 Canarana, 51011 Médio Araguaia, 51012 Alto Guaporé, 51013 Tangará Serra, 51014 Jauru, 51015 Alto Paraguai, 51016 Rosário Oeste, 51017 Cuiabá, 51018 Alto Pantanal, 51019 Primavera Leste, 51020 Tesouro, 51021 Rondonópolis, 51022 Alto Araguaia, 51000 Ignorado - MT, 52001 S.Miguel Arag., 52002 Rio Vermelho, 52003 Aragarças, 52004 Porangatu, 52005 Chap.Veadeiros, 52006 Ceres, 52007 Anápolis, 52008 Iporá, 52009 Anicuns, 52010 Goiânia, 52011 Vão do Paranã, 52012 Ent.Brasília, 52013 SO de Goiás, 52014 Vale Rio Bois, 52015 Meia Ponte, 52016 Pires do Rio, 52017 Catalão, 52018 Quirinópolis, 52000 Ignorado - GO, 53001 Brasília;;;;;;;;;;;;;;;;;;;;
Grande Grupo CID10: X85-Y09 Agressões, Y35-Y36 Intervenções legais e operações de guerra;;;;;;;;;;;;;;;;;;;;
Período:2000-2018;;;;;;;;;;;;;;;;;;;;
Microrregião IBGE;2000;2001;2002;2003;2004;2005;2006;2007;2008;2009;2010;2011;2012;2013;2014;2015;2016;2017;2018;Total
11001 Porto Velho;230;274;270;224;286;264;279;218;197;221;272;222;255;225;228;270;300;239;204;4678
11002 Guajará-Mirim;18;17;15;23;18;17;16;11;16;4;22;9;11;12;23;15;20;19;16;302
11003 Ariquemes;63;82;85;99;75;91;97;70;104;128;92;103;112;97;95;96;100;83;69;1741
11004 Ji-Paraná;66;93;97;92;79;77;85;63;70;81;38;37;43;53;88;59;99;83;58;1361
11005 Alvorada D'Oeste;16;17;28;18;17;7;9;9;7;12;12;11;16;11;17;12;19;16;12;266
11006 Cacoal;34;38;77;64;44;48;50;26;40;38;48;29;39;41;61;62;54;47;44;884
11007 Vilhena;32;40;37;28;26;36;37;24;27;39;39;22;34;30;52;72;83;49;60;767
11008 Colorado Oeste;4;11;6;8;12;12;7;10;7;4;11;9;8;7;8;6;14;14;7;165
11000 Ignorado - RO;3;1;-;10;6;3;5;1;12;11;12;8;8;7;6;8;14;4;6;125
12001 Cruzeiro do Sul;1;2;9;9;2;18;11;14;26;30;22;23;28;16;20;20;28;68;65;412
12002 Tarauacá;1;1;4;4;-;4;4;5;7;7;9;16;28;14;17;21;24;32;30;228
12003 Sena Madureira;2;5;4;5;3;2;2;1;7;5;9;15;18;23;14;12;9;25;10;171
12004 Rio Branco;98;107;130;107;97;80;130;104;87;103;116;96;120;160;170;155;279;366;283;2788
12005 Brasiléia;4;6;4;10;12;19;10;13;6;8;9;14;13;21;11;9;23;25;20;237
12000 Ignorado - AC;-;-;-;12;-;1;1;-;-;-;-;-;1;-;-;-;-;-;1;16
13001 Rio Negro AM;4;5;8;6;6;10;14;14;15;11;10;13;46;37;14;29;32;43;37;354
13002 Japurá;-;1;2;2;-;-;1;1;-;1;-;3;-;1;1;3;1;-;2;19
13003 Alto Solimões;16;11;28;18;19;10;25;34;20;26;28;25;44;48;40;36;39;46;44;557
13004 Juruá;3;7;8;7;5;19;11;15;17;15;10;21;20;20;27;27;34;35;52;353
13005 Tefé;11;4;7;5;11;7;5;6;4;4;15;15;12;11;15;6;15;14;26;193
13006 Coari;12;10;5;8;15;8;14;15;19;20;25;31;27;32;37;33;58;89;66;524
13007 Manaus;471;389;401;461;423;495;552;579;682;771;895;1070;1073;909;987;1200;1087;1273;1134;14852
13008 R.Preto da Eva;10;8;5;10;5;10;13;6;12;14;12;15;16;9;21;30;25;18;14;253
13009 Itacoatiara;5;14;16;9;8;8;14;11;9;10;16;21;27;35;22;41;37;39;30;372
13010 Parintins;8;20;18;14;15;16;25;11;19;15;33;29;27;27;16;28;58;41;44;464
13011 Boca do Acre;2;4;1;3;2;-;1;1;1;3;8;10;5;10;7;8;14;19;22;121
13012 Purus;1;1;2;2;5;4;2;1;5;4;10;13;6;9;12;4;10;14;23;128
13013 Madeira;9;11;12;13;12;12;21;20;27;22;20;25;41;41;33;27;37;40;46;469
13000 Ignorado - AM;-;-;-;-;-;-;1;1;-;-;-;1;-;2;8;-;5;3;2;23
14001 Boa Vista;106;81;95;84;65;63;82;76;69;88;90;65;101;163;100;146;140;194;309;2117
14002 Nordeste RR;13;2;5;4;4;7;7;8;10;4;6;8;4;7;10;12;14;7;22;154
14003 Caracaraí;9;15;16;11;9;13;12;18;17;17;12;14;23;33;39;34;34;27;46;399
14004 Sudeste RR;2;9;6;6;7;12;9;14;7;9;13;7;16;11;9;11;16;20;37;221
14000 Ignorado - RR;-;1;-;1;-;-;1;-;2;-;-;1;-;-;-;-;-;-;-;6
15001 Óbidos;4;5;2;5;6;11;5;4;6;7;11;7;12;29;26;16;28;29;25;238
15002 Santarém;8;19;37;36;29;39;41;50;37;17;18;52;45;51;72;88;108;119;107;973
15003 Almeirim;3;7;3;4;4;2;4;5;6;-;8;7;8;11;14;8;10;19;12;135
15004 Portel;2;1;1;2;4;6;4;4;9;5;16;12;16;12;31;18;20;32;28;223
15005 Furos de Breves;5;5;7;7;11;11;19;18;19;29;21;20;19;20;27;22;40;49;46;395
15006 Arari;2;-;4;1;1;5;7;5;11;5;7;12;11;10;17;15;16;19;17;165
15007 Belém;320;367;447;508;548;767;796;772;1139;1146;1590;1233;1304;1384;1297;1428;1760;1794;1822;20422
15008 Castanhal;29;39;43;45;36;79;80;92;122;133;142;182;150;146;153;205;233;242;258;2409
15009 Salgado;12;5;10;17;18;17;23;25;34;39;53;50;67;69;86;82;105;101;118;931
15010 Bragantina;13;17;11;15;6;26;21;41;58;35;79;56;115;109;90;105;113;124;157;1191
15011 Cametá;8;9;20;28;27;28;53;53;64;80;101;90;108;121;168;137;159;185;172;1611
15012 Tomé-Açu;9;52;70;63;77;92;117;115;114;139;142;146;158;182;166;184;176;220;180;2402
15013 Guamá;5;15;12;15;22;38;50;71;88;115;112;101;111;113;112;140;162;169;198;1649
15014 Itaituba;10;15;20;27;42;26;32;35;30;66;69;52;64;78;111;106;109;103;108;1103
15015 Altamira;23;39;56;49;57;76;68;91;102;109;126;129;151;161;194;227;209;290;220;2377
15016 Tucuruí;55;80;120;155;158;188;184;185;241;207;170;152;137;151;150;167;181;183;165;3029
15017 Paragominas;64;68;74;88;105;85;138;165;191;181;200;160;170;175;155;158;171;160;170;2678
15018 S.Félix Xingu;24;31;32;49;39;41;46;36;38;61;92;71;53;56;66;62;70;68;87;1022
15019 Parauapebas;60;47;68;86;87;104;98;119;124;155;117;139;158;171;201;176;184;206;195;2495
15020 Marabá;102;99;110;141;165;193;179;195;271;294;277;256;244;204;188;218;243;276;235;3890
15021 Redenção;39;32;30;40;61;58;54;52;73;96;97;74;72;85;67;63;78;115;113;1299
15022 Conc.Araguaia;9;13;15;23;11;28;35;39;59;49;49;49;47;39;41;43;34;49;64;696
15000 Ignorado - PA;-;1;-;1;5;6;19;22;24;21;24;23;16;28;14;7;14;23;31;279
16001 Oiapoque;1;1;2;2;6;8;4;5;10;11;6;6;9;10;14;12;10;9;15;141
16002 Amapá;1;2;6;2;3;1;7;5;6;7;2;4;8;3;6;6;10;10;7;96
16003 Macapá;153;165;169;174;157;168;171;151;184;151;231;174;207;200;225;242;342;341;387;3992
16004 Mazagão;1;14;4;7;6;19;20;11;10;21;21;25;28;12;11;33;19;23;17;302
16000 Ignorado - AP;-;-;-;-;-;-;-;-;-;-;-;-;1;-;-;-;-;-;-;1
17001 Bico Papagaio;10;18;17;11;9;17;20;36;33;36;48;48;34;24;37;54;55;49;62;618
17002 Araguaína;75;89;54;61;57;62;71;59;73;95;75;89;103;104;84;131;165;153;141;1741
17003 Miracema TO;11;10;13;20;17;17;29;20;24;30;28;37;30;27;29;40;44;45;39;510
17004 Rio Formoso;11;14;12;17;19;19;17;16;19;19;22;21;35;33;28;31;44;40;47;464
17005 Gurupi TO;19;23;11;20;15;21;18;29;22;28;29;35;56;32;45;65;53;58;66;645
17006 Porto Nacional;40;48;43;50;47;35;42;36;41;46;80;97;67;83;115;129;156;145;159;1459
17007 Jalapão;4;2;5;7;10;8;12;3;3;9;17;13;11;8;11;18;16;19;20;196
17008 Dianópolis;6;8;15;18;24;11;19;21;20;20;25;18;33;34;24;24;33;43;28;424
17000 Ignorado - TO;-;-;-;-;-;-;1;6;2;6;3;3;10;4;8;11;11;5;8;78
21001 Litoral Ocid.MA;-;4;8;7;7;18;13;14;27;31;18;22;23;28;36;44;49;35;44;428
21002 São Luís;135;235;195;284;311;274;313;363;432;527;536;604;693;975;1110;1005;806;664;417;9879
21003 Rosário;6;6;5;6;12;11;17;14;14;21;19;18;22;22;43;40;41;50;21;388
21004 Lençóis MA;3;-;3;5;8;4;1;9;10;6;14;5;12;14;15;14;16;21;26;186
21005 Baixada MA;26;24;36;34;34;57;55;71;69;81;81;112;108;123;156;163;179;145;173;1727
21006 Itapecuru Mirim;8;8;11;8;10;13;17;14;17;15;29;34;27;43;25;51;43;40;49;462
21007 Gurupi MA;4;4;14;21;14;16;20;26;24;25;37;32;25;27;44;56;52;61;48;550
21008 Pindaré;26;34;35;65;46;99;89;103;129;160;146;130;155;160;173;183;204;237;229;2403
21009 Imperatriz;45;139;140;173;107;171;186;223;220;199;205;188;217;231;295;240;318;259;247;3803
21010 Médio Mearim;33;16;24;38;35;49;47;46;47;62;87;68;70;81;89;93;120;86;124;1215
21011 A.Mearim/Grajaú;12;9;37;33;26;46;45;53;76;69;48;84;62;87;79;84;87;78;97;1112
21012 Pres. Dutra;6;7;5;12;17;21;19;25;26;31;38;29;45;45;39;50;39;51;47;552
21013 B.Parnaíba MA;-;6;2;5;8;5;3;9;5;7;10;8;10;10;17;18;20;13;11;167
21014 Chapadinha;-;2;1;5;6;10;8;13;7;8;12;13;29;27;27;35;34;48;46;331
21015 Codó;7;13;22;21;12;27;25;26;31;35;48;30;43;42;53;76;80;83;75;749
21016 Coelho Neto;-;1;3;3;6;13;15;7;11;3;18;14;15;18;19;23;17;16;21;223
21017 Caxias;31;37;45;47;53;68;66;57;76;60;84;121;144;123;135;133;151;156;171;1758
21018 Chap.Itapecuru;2;3;8;15;5;12;10;24;13;14;21;18;20;24;22;29;36;31;31;338
21019 Porto Franco;5;8;6;12;6;10;8;8;18;20;24;30;14;28;40;43;38;25;43;386
21020 Gerais Balsas;2;4;4;-;7;9;7;12;16;15;37;22;29;35;28;38;40;53;43;401
21021 Chap.Mangab.;1;3;2;1;2;2;2;7;6;6;2;4;6;2;1;6;11;7;7;78
21000 Ignorado - MA;-;-;-;-;-;-;3;3;3;3;5;5;8;18;16;14;27;21;12;138
22001 B.Parnaíba PI;10;20;19;21;25;31;20;20;20;30;30;19;21;29;28;53;44;41;48;529
22002 Litoral PI;9;13;19;14;20;19;35;27;27;31;43;44;49;44;45;46;53;52;51;641
22003 Teresina;147;140;182;190;171;218;247;196;190;200;214;259;318;383;476;380;407;354;355;5027
22004 Campo Maior;3;9;11;9;19;15;16;14;17;10;17;15;17;17;28;16;23;25;22;303
22005 M.Parnaíba PI;5;4;4;4;2;9;6;8;7;8;8;6;16;11;9;16;17;14;18;172
22006 Valença PI;5;2;3;9;8;1;6;9;5;9;8;10;7;6;6;5;10;5;8;122
22007 A.Parnaíba PI;1;1;4;1;2;2;2;6;5;2;2;2;2;3;5;2;7;7;5;61
22008 Bertolínia;2;1;1;2;1;3;1;-;4;2;2;-;7;2;1;2;2;3;3;39
22009 Floriano;5;10;5;2;9;2;13;8;10;14;15;13;10;17;18;24;27;16;24;242
22010 A.M.Gurguéia;3;4;1;4;11;6;9;8;8;5;7;6;5;10;15;5;15;6;9;137
22011 S.Raim.Nonato;4;3;3;10;10;12;12;10;10;6;10;7;5;9;16;16;9;11;17;180
22012 Chap.Ext.Sul PI;1;7;4;5;6;13;9;7;12;13;6;13;13;5;12;13;12;11;10;172
22013 Picos;11;16;23;17;20;12;11;22;10;21;27;24;24;22;21;23;24;33;13;374
22014 Pio IX;3;12;8;2;7;1;8;13;12;9;3;5;7;14;12;14;14;13;9;166
22015 A.M.Canindé;21;20;19;8;15;24;22;30;21;24;13;15;22;24;20;31;34;31;14;408
22000 Ignorado - PI;-;-;2;-;1;-;1;5;3;1;6;2;2;2;5;4;3;4;13;54
23001 Camocim/Acaraú;6;9;21;17;11;19;30;28;38;47;34;27;43;43;65;54;93;117;136;838
23002 Ibiapaba;23;22;23;18;19;20;40;37;42;51;41;42;56;58;71;62;69;50;85;829
23003 Coreaú;4;4;8;7;7;5;6;4;8;4;7;7;7;6;10;9;10;18;25;156
23004 Meruoca;-;1;2;1;-;-;2;-;1;3;2;2;-;1;3;1;1;1;2;23
23005 Sobral;34;32;53;45;37;56;50;43;45;49;57;71;95;101;141;142;101;187;184;1523
23006 Ipu;12;9;9;14;16;11;12;15;18;20;16;23;12;25;20;13;21;41;56;363
23007 Santa Quitéria;6;4;5;5;6;4;3;8;6;10;8;9;18;9;21;12;14;40;48;236
23008 Itapipoca;10;30;25;28;31;27;37;36;32;27;38;63;50;53;47;54;42;48;71;749
23009 Baixo Curu;10;11;16;9;14;12;14;19;13;16;23;26;39;46;43;55;46;84;80;576
23010 Uruburetama;14;7;8;17;20;15;19;24;14;18;30;35;40;35;52;29;37;44;46;504
23011 Médio Curu;11;12;15;18;11;14;16;15;14;16;11;35;26;33;29;19;30;33;45;403
23012 Canindé;17;14;7;11;16;29;18;31;19;34;32;33;32;36;40;34;34;41;60;538
23013 Baturité;24;21;24;28;44;29;32;33;46;41;45;52;55;79;87;90;90;102;121;1043
23014 Chorozinho;8;7;4;8;8;5;13;6;12;9;10;12;11;27;32;39;43;55;50;359
23015 Cascavel CE;11;7;11;10;16;15;15;18;18;17;19;29;44;55;63;51;34;73;64;570
23016 Fortaleza;709;695;790;859;814;934;1008;1166;1170;1151;1580;1585;2325;2794;2758;2346;1782;3132;2644;30242
23017 Pacajus;25;14;11;20;15;18;15;29;23;41;41;39;91;84;120;94;95;193;171;1139
23018 Sertão Cratéus;24;34;44;34;42;40;37;31;26;47;40;42;45;43;47;75;60;83;75;869
23019 Quixeramobim;31;45;56;43;51;67;73;49;66;74;93;89;111;117;105;116;104;116;153;1559
23020 Sertão Inhamuns;21;24;19;23;16;14;18;20;25;28;45;27;24;23;39;37;48;49;63;563
23021 Senador Pompeu;41;28;53;46;43;53;40;34;39;73;79;59;77;101;76;98;87;118;87;1232
23022 Litoral Aracati;6;11;7;8;4;12;7;11;5;17;19;17;42;22;33;25;26;54;41;367
23023 Baixo Jaguaribe;33;53;66;51;50;61;48;36;46;65;83;112;152;242;232;240;256;254;159;2239
23024 Médio Jaguaribe;6;7;13;12;20;23;17;12;12;14;25;29;32;29;47;39;31;21;22;411
23025 Serra Pereiro;-;2;2;5;3;1;3;6;7;7;5;5;11;3;12;8;8;5;5;98
23026 Iguatu;33;24;17;25;20;38;43;34;48;45;50;53;51;58;78;78;70;77;74;916
23027 Várzea Alegre;5;10;4;10;8;8;7;9;10;7;13;7;12;17;18;15;36;25;31;252
23028 Lavr.Mangabeira;5;5;4;4;7;4;2;8;5;5;11;8;5;6;8;9;5;13;9;123
23029 Chap.Araripe;12;21;10;22;6;8;9;10;11;11;22;29;21;27;32;38;51;33;32;405
23030 Caririaçu;8;5;4;6;10;11;7;9;12;14;14;14;21;16;11;15;21;19;10;227
23031 Barro;5;6;6;9;12;5;2;5;3;20;18;17;17;13;12;27;19;22;27;245
23032 Cariri;83;103;95;137;129;124;125;132;167;158;158;174;252;247;257;212;247;260;202;3262
23033 Brejo Santo;1;7;13;13;30;17;24;14;18;26;18;19;23;23;17;26;31;24;22;366
23000 Ignorado - CE;-;-;-;-;46;-;-;1;-;-;1;1;1;1;-;1;-;1;-;53
24001 Mossoró;36;46;46;48;72;61;82;81;131;126;133;211;170;231;256;224;265;325;293;2837
24002 Chap.Apodi;6;11;13;22;12;14;8;27;26;20;20;21;16;24;20;28;43;45;50;426
24003 Médio Oeste;5;3;3;7;2;5;7;9;12;11;4;12;8;13;11;16;8;18;19;173
24004 Vale do Açu;19;17;12;19;17;24;22;28;38;38;41;35;42;35;54;45;54;62;65;667
24005 Serra S.Miguel;2;8;5;3;4;2;4;5;8;13;7;8;9;9;21;15;17;25;8;173
24006 Pau dos Ferros;10;9;5;8;10;9;14;21;11;17;22;27;23;31;21;20;29;29;23;339
24007 Umarizal;9;11;15;13;14;13;11;18;18;23;32;25;34;44;42;28;37;55;43;485
24008 Macau;7;3;2;4;-;5;8;4;5;7;7;8;10;10;10;19;17;21;16;163
24009 Angicos;3;7;-;3;4;2;5;6;3;4;3;6;2;11;9;14;9;16;2;109
24010 Serra Santana;5;2;6;9;-;-;1;2;2;8;1;4;5;5;5;11;14;10;22;112
24011 Seridó Ocid.;8;9;8;15;7;14;13;14;12;15;11;24;11;19;39;49;43;36;24;371
24012 Seridó Oriental;8;6;9;16;5;13;7;9;7;10;7;16;22;19;28;31;30;31;14;288
24013 Baixa Verde;4;3;3;5;3;6;9;7;5;3;12;7;9;16;21;27;46;46;37;269
24014 Borborema RN;9;7;7;3;8;10;7;8;9;13;24;26;31;41;34;58;53;65;52;465
24015 Agreste RN;11;17;8;20;9;20;19;21;23;41;30;29;37;53;59;74;85;130;138;824
24016 Litoral NE;1;6;4;2;1;5;2;9;5;3;11;14;15;9;20;19;38;53;36;253
24017 Macaíba;35;27;25;42;39;35;41;56;69;97;82;129;145;259;253;226;302;406;297;2565
24018 Natal;65;121;116;153;115;159;175;244;316;335;338;434;514;595;657;601;719;776;602;7035
24019 Litoral Sul RN;14;9;12;12;22;8;20;20;14;16;24;17;21;23;42;40;45;54;83;496
24000 Ignorado - RN;-;-;-;1;-;1;-;-;-;-;1;1;-;-;-;-;-;-;1;5
25001 Catolé do Rocha;20;17;21;17;24;24;23;18;18;41;37;48;40;58;50;46;53;58;48;661
25002 Cajazeiras;6;8;6;10;2;5;3;9;5;7;18;16;25;21;28;27;31;38;35;300
25003 Sousa;7;4;8;8;16;17;16;9;21;27;26;47;25;40;28;48;47;43;53;490
25004 Patos;23;10;15;15;32;14;16;22;60;56;62;57;64;47;56;61;31;34;30;705
25005 Piancó;3;-;-;4;9;5;6;3;5;8;10;11;18;13;15;11;12;17;10;160
25006 Itaporanga;4;2;2;2;3;7;12;3;6;14;20;10;13;13;18;24;21;9;21;204
25007 Serra Teixeira;7;6;13;9;12;7;14;5;13;18;21;20;18;26;18;12;20;33;27;299
25008 Seridó Ocid.PB;2;-;3;-;2;1;-;1;-;10;5;2;4;7;3;6;4;16;7;73
25009 Seridó Or.PB;1;-;1;1;3;5;7;5;9;9;5;15;9;13;15;20;19;22;20;179
25010 Cariri Ocid.;5;3;10;5;15;5;17;14;16;15;20;25;27;23;31;28;30;26;51;366
25011 Cariri Oriental;2;1;13;3;7;3;11;10;9;4;10;9;7;10;19;19;15;27;14;193
25012 Curimataú Ocid.;13;3;6;8;14;20;17;14;25;16;29;21;20;30;33;38;40;30;37;414
25013 Curimataú Or.;10;4;2;11;13;10;13;11;16;13;8;14;17;20;29;11;27;18;28;275
25014 Esperança;-;2;9;2;15;5;12;9;11;19;12;11;12;20;20;16;14;18;14;221
25015 Brejo PB;8;10;10;9;11;8;13;13;9;8;24;24;25;26;30;36;28;32;29;353
25016 Guarabira;9;9;8;20;25;24;27;23;31;29;34;47;43;39;48;39;43;45;55;598
25017 Campina Grande;112;77;102;112;112;119;131;137;147;178;214;202;203;229;207;193;177;202;140;2994
25018 Itabaiana;2;5;9;4;6;11;9;17;17;11;18;26;19;14;23;31;33;33;30;318
25019 Umbuzeiro;3;-;3;1;11;3;8;10;7;18;13;8;8;15;13;13;19;22;14;189
25020 Litoral Norte;4;6;12;6;10;18;10;12;32;30;29;46;41;35;50;53;42;28;34;498
25021 Sapé;11;10;13;16;14;29;35;25;42;43;28;56;60;47;71;58;42;53;37;690
25022 João Pessoa;246;286;321;322;282;381;388;470;496;633;771;853;778;749;673;673;542;479;432;9775
25023 Litoral Sul PB;9;19;19;17;23;22;21;22;28;39;34;40;31;34;51;48;52;58;74;641
25000 Ignorado - PB;-;2;1;14;14;2;16;2;6;17;7;6;18;22;22;11;13;-;4;177
26001 Araripina;58;65;89;102;70;82;87;99;96;119;75;97;75;103;95;108;118;115;71;1724
26002 Salgueiro;35;53;44;26;32;38;29;41;31;40;28;36;30;35;24;47;48;58;35;710
26003 Pajeú;80;75;76;58;71;70;74;68;69;74;87;66;71;45;76;62;81;96;81;1380
26004 Sertão Moxotó;64;57;67;65;69;74;75;91;89;65;81;61;71;51;63;52;86;82;73;1336
26005 Petrolina;176;163;187;188;158;186;215;172;175;140;116;136;114;135;130;165;182;211;194;3143
26006 Itaparica;62;67;71;63;29;32;44;58;68;46;47;41;35;38;43;59;42;40;46;931
26007 Vale do Ipanema;48;56;44;57;46;53;65;81;62;74;53;63;68;47;39;46;74;86;70;1132
26008 Vale do Ipojuca;315;361;353;413;331;357;348;320;355;328;279;337;303;343;376;473;529;627;451;7199
26009 Alto Capibaribe;85;82;99;79;67;50;75;65;102;99;114;87;103;113;86;134;159;220;148;1967
26010 M.Capibaribe;87;81;99;101;81;67;82;103;91;95;80;78;59;54;67;78;87;120;79;1589
26011 Garanhuns;145;143;133;149;116;152;147;150;172;134;151;120;154;139;141;181;181;202;164;2874
26012 Brejo PE;63;76;77;68;75;79;76;77;75;81;70;88;80;66;79;106;133;197;136;1702
26013 Mata Set.PE;168;204;231;222;217;216;237;217;208;213;194;204;195;207;237;273;313;371;294;4421
26014 Vitória S.Antão;97;94;118;100;95;82;98;108;124;98;95;103;87;86;69;78;101;162;113;1908
26015 Mata Merid.PE;283;287;269;253;243;238;249;328;289;228;208;199;195;222;306;291;374;399;356;5217
26016 Itamaracá;52;91;63;75;71;76;88;81;71;98;113;83;78;77;77;89;101;129;112;1625
26017 Recife;2150;2405;2101;2256;2160;2226;2262;2196;2055;1763;1462;1397;1328;1144;1232;1328;1532;1888;1466;34351
26018 Suape;138;195;159;165;170;177;172;209;219;200;166;193;199;162;158;206;210;317;236;3651
26019 Fern.Noronha;-;-;-;-;-;-;-;-;-;1;-;-;-;-;-;-;1;-;-;2
26000 Ignorado - PE;184;155;116;77;73;75;49;93;95;67;54;82;82;57;60;71;95;99;65;1649
27001 Serr.Sertão AL;20;13;10;16;20;26;24;16;20;33;21;26;39;20;34;28;28;20;27;441
27002 Sert.S.Franc.AL;7;6;6;17;23;25;26;31;34;23;59;34;31;28;29;31;33;35;26;504
27003 Santana Ipanema;31;25;31;42;26;43;44;63;43;67;62;66;78;73;73;69;80;61;40;1017
27004 Batalha;18;14;19;20;18;18;28;31;27;26;32;32;44;38;53;30;39;36;19;542
27005 Palmeira Índios;42;22;39;33;28;50;64;78;71;58;85;110;95;89;76;87;87;77;63;1254
27006 Arapiraca;93;88;121;113;111;127;162;194;197;256;239;270;218;260;251;221;271;219;190;3601
27007 Traipu;4;6;6;7;7;4;3;16;17;11;11;13;13;4;10;15;11;9;6;173
27008 Serr.Quilombos;22;42;44;44;41;49;87;74;76;75;87;92;96;95;108;106;98;78;48;1362
27009 Mata AL;57;70;81;90;94;100;131;137;120;139;143;167;197;207;199;197;186;200;164;2679
27010 Litoral N AL;15;10;9;20;13;15;18;22;17;23;18;21;18;33;29;29;30;38;25;403
27011 Maceió;342;457;514;526;571;654;908;982;1085;948;1080;1127;983;1075;930;720;727;788;672;15089
27012 S.Miguel Campos;45;53;70;72;55;71;94;144;131;158;182;204;182;172;210;157;168;168;119;2455
27013 Penedo;30;24;41;39;28;21;31;39;49;56;68;81;52;54;83;57;62;83;42;940
27000 Ignorado - AL;1;-;-;-;-;-;-;9;-;-;-;1;-;-;-;1;-;1;-;13
28001 Sert.S.Franc.SE;21;27;23;24;20;31;38;40;35;32;33;36;37;46;63;69;58;57;42;732
28002 Carira;6;10;6;5;3;9;9;6;15;18;9;16;18;24;52;34;35;54;20;349
28003 NS das Dores;9;11;5;8;5;5;9;5;14;22;15;9;13;22;38;27;17;33;32;299
28004 Agr.Itabaiana;36;35;65;40;36;34;61;49;64;60;58;76;83;87;95;130;165;139;111;1424
28005 Tobias Barreto;15;20;18;12;17;17;23;28;28;29;44;31;51;30;41;66;54;35;34;593
28006 Agr.Lagarto;21;18;24;21;28;22;27;32;20;30;37;49;25;34;49;44;58;47;43;629
28007 Propriá;21;21;19;19;22;23;29;28;26;25;46;25;36;41;32;39;41;57;46;596
28008 Cotinguiba;10;8;6;5;9;8;8;9;6;9;11;15;10;11;17;29;27;30;23;251
28009 Japaratuba;6;9;6;5;4;13;6;11;9;12;8;13;19;16;13;30;25;21;24;250
28010 B.Cotinguiba;9;20;19;22;19;11;24;26;23;22;38;41;40;54;62;60;87;55;72;704
28011 Aracaju;212;304;295;257;246;250;300;229;249;301;283;324;419;456;498;644;752;667;569;7255
28012 Boquim;20;14;29;18;13;26;23;30;29;31;43;38;56;65;54;66;68;60;61;744
28013 Estância;22;21;41;33;22;34;28;29;33;53;41;40;50;59;67;55;67;54;56;805
28000 Ignorado - SE;2;-;-;-;10;4;-;-;4;9;10;18;22;20;16;10;11;4;-;140
29001 Barreiras;8;8;5;9;6;15;6;2;8;4;2;9;2;6;9;4;64;123;117;407
29002 Cotegipe;3;3;2;1;3;1;3;1;1;-;-;1;1;-;1;2;16;27;18;84
29003 S Maria Vitória;4;7;9;10;12;2;5;3;11;9;25;22;22;44;17;12;36;49;39;338
29004 Juazeiro;100;200;144;192;180;159;169;153;176;118;138;159;153;163;158;184;185;190;142;3063
29005 Paulo Afonso;24;27;28;50;31;37;32;48;45;54;76;60;60;60;76;93;91;68;70;1030
29006 Barra;4;10;2;5;6;7;10;13;17;27;19;21;22;35;38;43;70;64;53;466
29007 B Jesus da Lapa;11;5;8;4;7;15;10;8;22;11;17;22;24;11;15;15;60;81;55;401
29008 Senhor Bonfim;13;14;14;24;6;8;8;6;27;57;47;33;37;51;58;55;60;60;70;648
29009 Irecê;19;13;12;23;26;33;24;44;46;49;68;69;89;90;104;120;151;182;128;1290
29010 Jacobina;29;29;34;23;41;47;47;45;33;42;62;74;73;76;83;95;119;115;127;1194
29011 Itaberaba;10;10;14;28;14;21;13;20;35;30;41;39;41;52;51;61;91;79;117;767
29012 F Santana;98;94;105;61;51;72;187;212;240;340;400;356;397;353;364;339;398;391;398;4856
29013 Jeremoabo;2;2;6;12;7;12;12;15;27;21;20;27;21;10;31;21;38;23;24;331
29014 Euclides Cunha;9;7;14;10;11;12;31;14;26;28;25;43;43;44;47;63;75;71;79;652
29015 Ribeira Pombal;17;18;16;18;31;22;31;28;44;52;60;32;44;55;68;83;101;95;100;915
29016 Serrinha;13;15;13;9;8;12;43;36;51;57;59;50;55;75;79;78;80;135;151;1019
29017 Alagoinhas;47;35;40;53;55;58;75;68;115;150;139;150;142;167;175;186;217;203;213;2288
29018 Entre Rios;12;14;25;30;32;27;24;28;29;53;38;57;50;55;76;48;64;80;96;838
29019 Catu;10;32;37;42;39;38;43;41;56;95;90;141;149;132;172;175;181;153;139;1765
29020 S Antônio Jesus;34;34;29;38;25;38;47;73;84;113;132;125;169;180;236;256;273;335;297;2518
29021 Salvador;342;560;661;875;904;1315;1458;1676;2244;2318;2486;2251;2428;2154;2184;2213;2503;2641;2186;33399
29022 Boquira;2;6;4;5;6;3;4;1;4;4;7;5;12;8;9;8;16;25;15;144
29023 Seabra;2;6;7;7;10;13;4;17;16;21;21;16;35;15;19;30;48;47;50;384
29024 Jequié;33;36;44;48;47;44;46;55;76;72;108;110;155;129;150;163;209;231;174;1930
29025 Livr.Brumado;1;3;1;2;1;3;3;5;2;4;5;17;6;7;5;12;13;8;9;107
29026 Guanambi;10;8;10;8;15;20;25;25;23;20;30;51;49;46;45;47;49;48;59;588
29027 Brumado;3;8;9;8;11;15;12;5;15;28;16;11;18;39;36;22;34;31;26;347
29028 Vit.Conquista;72;92;94;122;141;124;127;164;175;252;295;223;275;226;242;247;312;323;320;3826
29029 Itapetinga;9;9;15;16;23;34;34;54;45;74;66;66;74;56;58;60;65;93;50;901
29030 Valença;29;34;34;25;19;30;40;35;79;80;125;123;146;168;141;153;175;161;157;1754
29031 Ilhéus-Itabuna;176;197;200;236;286;382;402;430;497;611;567;580;635;557;581;491;655;684;632;8799
29032 Porto Seguro;94;72;109;141;171;200;267;249;373;465;493;446;537;473;553;523;612;558;564;6900
29000 Ignorado - BA;2;14;14;31;37;62;69;85;177;173;167;160;184;157;171;110;110;113;112;1948
31001 Unaí;10;11;11;19;30;18;28;30;31;35;32;36;43;41;36;46;33;36;20;546
31002 Paracatu;20;17;20;34;32;34;34;39;38;43;50;31;66;73;75;71;82;81;68;908
31003 Januária;5;17;13;20;14;25;22;21;36;25;35;38;35;39;43;40;61;34;46;569
31004 Janaúba;12;20;11;32;18;27;32;34;42;25;27;47;62;59;65;108;118;102;51;892
31005 Salinas;4;6;5;12;6;12;9;13;16;13;27;19;18;20;21;16;23;31;17;288
31006 Pirapora;9;14;19;42;33;26;15;23;37;42;27;27;47;65;45;75;103;48;42;739
31007 Montes Claros;16;25;44;59;62;90;84;99;111;85;98;129;154;118;113;125;110;81;52;1655
31008 Grão Mogol;1;2;2;2;4;2;10;13;5;5;6;4;9;8;9;4;3;5;6;100
31009 Bocaiúva;-;2;4;11;14;20;10;16;12;12;8;10;11;18;14;15;8;9;6;200
31010 Diamantina;2;4;1;6;7;10;7;7;7;6;12;7;7;8;8;19;10;12;13;153
31011 Capelinha;8;11;9;12;20;25;20;19;21;18;20;11;6;6;23;25;30;27;19;330
31012 Araçuaí;-;9;14;21;40;50;45;44;33;27;21;30;35;40;34;65;38;55;25;626
31013 Pedra Azul;5;2;6;10;17;22;19;13;5;9;20;13;19;18;26;33;31;51;28;347
31014 Almenara;-;3;5;4;21;7;15;12;22;14;20;11;20;35;30;34;47;44;37;381
31015 Teófilo Otoni;9;23;60;91;80;127;107;90;83;104;61;60;66;68;68;84;81;66;54;1382
31016 Nanuque;1;4;9;12;22;37;25;26;28;41;26;30;35;33;43;26;32;45;35;510
31017 Ituiutaba;24;11;24;22;21;24;18;14;21;32;24;26;25;29;38;30;21;23;16;443
31018 Uberlândia;68;97;108;112;130;117;130;134;132;178;177;215;223;222;212;189;156;159;119;2878
31019 Patrocínio;25;19;25;18;18;11;29;30;31;31;42;38;30;55;34;29;39;51;57;612
31020 Patos de Minas;15;20;33;34;25;25;26;36;28;38;35;46;52;41;55;40;54;46;46;695
31021 Frutal;17;22;15;16;14;22;28;26;21;29;24;31;36;25;44;31;36;25;31;493
31022 Uberaba;32;44;18;47;47;55;68;81;42;58;51;49;62;46;85;106;80;65;48;1084
31023 Araxá;7;9;17;11;9;16;11;13;15;18;21;17;20;26;35;20;30;29;30;354
31024 Três Marias;5;7;3;10;10;10;19;29;26;15;15;14;16;12;18;22;32;34;23;320
31025 Curvelo;2;3;3;15;16;20;27;15;15;13;17;22;16;20;26;36;31;20;32;349
31026 Bom Despacho;2;9;13;5;11;9;13;17;14;15;9;15;14;22;18;25;26;25;14;276
31027 Sete Lagoas;6;16;10;22;35;41;39;52;50;79;73;116;119;128;121;143;140;107;86;1383
31028 Conc. M. Dentro;4;4;7;3;4;3;13;9;9;13;16;9;7;12;6;6;8;13;14;160
31029 Pará de Minas;9;8;6;5;4;7;8;5;8;12;8;12;15;16;26;22;36;28;21;256
31030 B Horizonte;1239;1372;1699;2333;2649;2364;2203;2150;1924;1725;1641;1878;1912;1951;1840;1582;1599;1370;1088;34519
31031 Itabira;13;17;28;22;34;45;42;61;49;36;42;49;61;72;61;77;70;66;49;894
31032 Itaguara;1;5;7;1;6;6;2;8;5;8;3;5;8;4;5;4;6;12;2;98
31033 Ouro Preto;8;3;8;13;9;10;8;10;21;19;20;21;24;25;29;25;27;32;20;332
31034 Cons. Lafaiete;5;7;11;13;14;11;18;11;12;18;20;16;13;24;29;29;44;30;34;359
31035 Guanhães;6;6;20;10;14;16;12;18;9;11;15;11;17;12;16;15;24;27;22;281
31036 Peçanha;4;5;15;7;14;17;7;13;14;14;7;10;16;23;24;19;14;28;20;271
31037 Gov. Valadares;110;84;118;160;139;196;246;161;154;140;133;170;183;159;151;166;151;153;134;2908
31038 Mantena;2;4;6;2;7;5;13;20;19;29;25;21;18;16;17;25;13;26;24;292
31039 Ipatinga;50;51;63;79;76;74;71;86;97;87;122;144;163;166;160;167;157;104;103;2020
31040 Caratinga;14;23;33;29;28;40;32;36;36;40;40;44;47;45;54;53;58;55;45;752
31041 Aimorés;10;13;27;26;21;33;41;36;38;23;28;45;37;50;57;36;38;46;31;636
31042 Piuí;1;8;3;6;3;5;10;6;8;7;6;8;4;5;8;11;6;7;4;116
31043 Divinópolis;17;20;31;26;41;45;37;55;59;73;61;82;106;99;116;105;120;140;104;1337
31044 Formiga;12;6;3;8;10;4;7;8;9;13;9;18;9;17;25;14;12;18;16;218
31045 Campo Belo;6;6;8;5;8;11;13;18;17;11;10;14;16;23;16;18;18;15;25;258
31046 Oliveira;3;5;1;8;6;1;5;7;10;5;7;12;10;9;14;10;13;22;7;155
31047 Passos;3;5;15;12;16;13;10;17;23;10;13;48;37;42;32;22;24;17;19;378
31048 S. Seb. Paraíso;8;12;21;16;22;31;25;15;26;20;18;21;21;14;25;16;21;23;15;370
31049 Alfenas;11;15;23;17;17;15;25;20;14;20;19;24;21;19;23;16;27;26;27;379
31050 Varginha;19;21;21;33;31;40;26;39;33;38;35;31;38;33;33;55;49;43;39;657
31051 P. Caldas;21;20;16;27;19;18;31;25;19;17;18;18;24;25;22;26;18;21;22;407
31052 P. Alegre;22;17;36;23;18;21;23;15;16;12;13;20;15;23;17;20;27;27;16;381
31053 S Rita Sapucaí;6;5;12;8;11;5;11;15;12;15;9;7;9;6;14;10;7;5;4;171
31054 S. Lourenço;9;9;12;6;11;8;16;7;11;10;4;17;10;12;13;13;7;16;13;204
31055 Andrelândia;3;6;3;2;4;4;6;1;3;1;3;3;1;-;5;8;5;6;5;69
31056 Itajubá;4;5;5;4;7;16;20;14;12;10;11;16;16;11;14;13;18;21;12;229
31057 Lavras;5;8;13;5;5;9;8;11;6;12;14;8;15;18;19;14;14;12;10;206
31058 S J del Rei;1;5;14;25;32;40;29;21;9;18;17;14;11;28;30;26;23;27;12;382
31059 Barbacena;11;17;13;16;18;8;15;8;14;8;7;19;17;10;12;15;11;12;12;243
31060 Ponte Nova;2;11;20;23;24;23;22;19;23;20;24;27;32;38;30;33;35;42;38;486
31061 Manhuaçu;21;18;25;27;15;29;34;40;36;49;40;49;52;50;38;38;69;55;53;738
31062 Viçosa;19;19;22;27;27;15;29;28;25;24;30;56;40;49;59;43;54;92;49;707
31063 Muriaé;20;28;20;39;26;31;38;27;35;30;28;46;41;52;71;58;66;63;25;744
31064 Ubá;9;12;10;15;22;24;25;24;28;24;37;39;47;50;50;65;35;62;40;618
31065 Juiz de Fora;58;44;50;47;58;39;49;63;70;55;70;80;115;153;153;136;173;159;107;1679
31066 Cataguases;13;10;17;21;18;17;19;9;11;6;5;7;13;12;11;21;21;24;23;278
31000 Ignorado - MG;25;5;30;21;42;42;38;43;43;49;40;51;75;69;60;43;49;43;47;815
32001 Barra S.Franc.;15;16;21;22;24;25;47;39;59;46;35;44;46;35;29;20;29;25;32;609
32002 Nova Venécia;17;22;15;28;20;26;19;38;34;33;34;22;36;39;40;55;48;60;27;613
32003 Colatina;57;56;56;44;46;46;56;53;64;86;76;81;62;82;71;65;61;63;36;1161
32004 Montanha;14;6;9;9;14;11;15;12;19;17;14;32;35;32;19;30;18;17;19;342
32005 São Mateus;62;56;68;69;56;83;71;90;92;128;135;101;96;97;104;114;105;117;93;1737
32006 Linhares;75;91;97;112;112;133;142;172;164;197;153;150;139;162;155;136;122;174;127;2613
32007 Afonso Cláudio;39;42;31;39;28;31;24;39;31;35;28;14;16;15;17;23;19;16;21;508
32008 Santa Teresa;14;19;18;12;11;15;17;22;19;14;19;16;19;12;15;21;13;18;11;305
32009 Vitória;979;992;1140;1127;1163;1077;1204;1219;1239;1218;1081;1030;1050;978;974;814;673;858;628;19444
32010 Guarapari;52;53;64;49;62;58;49;69;88;85;79;69;64;59;63;63;60;52;60;1198
32011 Alegre;27;32;22;38;34;22;25;32;33;36;36;37;20;28;32;28;21;25;25;553
32012 Cach.Itapemirim;73;52;79;64;39;59;66;63;79;51;71;61;59;70;74;66;78;70;73;1247
32013 Itapemirim;10;14;24;16;10;16;21;19;9;23;26;14;18;8;16;13;19;26;12;314
32000 Ignorado - ES;1;1;-;-;-;-;6;10;17;16;5;1;7;5;-;2;4;-;1;76
33001 Itaperuna;28;28;23;29;35;36;37;53;39;35;29;28;20;29;21;13;23;26;41;573
33002 S.Antônio Pádua;12;17;9;9;11;17;17;16;10;9;10;14;11;18;30;28;26;25;25;314
33003 Campos Goytac.;167;157;198;177;159;200;198;197;229;296;233;208;248;243;266;225;313;216;272;4202
33004 Macaé;84;115;138;128;169;120;133;149;120;83;81;92;101;101;138;108;135;134;163;2292
33005 Três Rios;29;40;27;39;29;33;31;17;17;20;21;25;15;21;22;16;20;33;36;491
33006 Cantag/Cordeiro;7;13;6;5;11;7;6;10;8;8;9;7;4;6;15;12;11;6;3;154
33007 Nova Friburgo;73;100;77;80;51;81;56;72;59;58;39;26;35;35;29;21;31;18;32;973
33008 S.M.Madalena;1;5;7;7;9;7;5;3;2;3;8;4;1;5;5;7;3;5;4;91
33009 Bacia de S.João;41;36;44;44;62;48;52;56;41;60;42;32;55;69;63;80;97;99;89;1110
33010 Lagos;191;222;202;229;220;268;270;305;266;250;185;208;227;247;295;252;279;284;287;4687
33011 Vale Paraíba RJ;262;233;251;202;193;218;186;189;171;194;184;151;155;188;164;142;175;221;248;3727
33012 Barra do Piraí;20;39;22;30;30;32;24;21;27;25;19;19;26;22;33;28;31;36;22;506
33013 Baía I.Grande;62;85;102;86;84;114;74;92;107;103;77;91;75;91;106;125;119;135;190;1918
33014 Vassouras;33;31;57;49;30;29;19;19;18;22;20;31;34;16;39;41;57;36;40;621
33015 Serrana;85;83;69;71;80;68;53;46;53;52;44;40;53;37;42;39;47;58;72;1092
33016 Macacu-Caceribu;33;30;25;37;37;49;32;32;21;14;9;15;16;16;18;14;16;19;28;461
33017 Itaguaí;76;90;139;124;118;109;97;105;83;45;92;70;95;100;131;116;117;110;139;1956
33018 Rio de Janeiro;5555;5277;6189;6112;5833;5578;5509;4644;3908;3651;4098;3349;3193;3493;3879;3517;4159;4515;4365;86824
33000 Ignorado - RJ;591;761;750;657;570;394;590;525;483;437;467;371;408;374;422;283;394;440;399;9316
35001 Jales;7;12;10;3;8;2;4;1;8;8;7;9;8;6;8;7;12;6;7;133
35002 Fernandópolis;10;4;9;10;7;6;14;4;8;9;10;7;2;10;2;9;6;6;6;139
35003 Votuporanga;3;10;10;6;6;3;18;9;22;6;7;18;17;14;15;3;14;17;10;208
35004 S.José R.Preto;65;89;81;85;76;72;67;66;53;68;69;82;69;84;74;54;72;85;78;1389
35005 Catanduva;14;11;18;23;19;22;25;18;26;18;21;12;21;32;15;19;16;18;22;370
35006 Auriflama;4;1;4;6;2;1;1;6;1;1;6;4;3;-;2;1;5;7;2;57
35007 Nhandeara;2;2;3;3;6;4;9;7;8;3;6;7;5;3;3;7;8;4;3;93
35008 Novo Horizonte;6;5;5;4;3;9;5;2;4;3;10;3;9;3;4;4;10;4;4;97
35009 Barretos;8;15;11;8;20;16;16;11;14;13;14;16;6;15;13;16;9;18;11;250
35010 S.Joaquim Barra;24;32;34;23;23;17;25;17;26;25;24;20;22;11;14;21;12;14;22;406
35011 Ituverava;12;10;9;23;10;15;12;4;14;20;9;9;4;12;13;13;5;9;8;211
35012 Franca;19;26;31;31;50;35;34;25;24;40;21;29;24;18;19;38;39;36;20;559
35013 Jaboticabal;39;41;48;57;56;51;40;35;22;26;44;32;45;41;44;42;53;38;30;784
35014 Ribeirão Preto;294;275;257;164;121;115;96;99;68;93;109;97;152;106;120;138;124;103;106;2637
35015 Batatais;3;9;18;5;14;11;8;4;3;5;9;3;5;2;7;3;6;7;5;127
35016 Andradina;18;32;23;12;12;20;22;15;25;19;35;26;18;32;28;28;29;51;30;475
35017 Araçatuba;41;55;38;48;66;64;59;31;35;36;47;40;30;33;45;52;55;41;45;861
35018 Birigui;27;39;44;34;37;48;47;26;30;21;25;32;33;21;26;22;24;26;17;579
35019 Lins;10;10;14;12;12;12;10;12;19;12;24;15;17;18;20;13;22;17;14;283
35020 Bauru;43;54;40;70;73;55;52;36;53;57;69;50;63;50;63;42;51;61;43;1025
35021 Jaú;19;21;20;24;23;28;36;22;27;25;35;34;24;17;26;29;23;20;29;482
35022 Avaré;12;23;28;21;14;21;27;13;25;35;12;19;14;12;15;15;15;18;10;349
35023 Botucatu;28;24;39;24;25;14;32;19;22;22;15;20;18;18;20;12;11;17;7;387
35024 Araraquara;56;65;68;57;59;64;47;30;46;53;47;40;72;47;44;47;51;33;51;977
35025 São Carlos;30;47;36;44;32;31;27;32;20;26;20;33;45;38;43;30;41;48;30;653
35026 Rio Claro;44;55;77;57;65;32;30;22;26;35;28;55;38;54;54;25;42;29;39;807
35027 Limeira;73;94;96;99;85;89;89;64;50;48;53;62;69;69;49;49;49;51;39;1277
35028 Piracicaba;61;70;110;87;100;89;76;77;81;58;78;89;88;94;73;77;54;49;61;1472
35029 Pirassununga;22;29;26;29;22;25;31;29;19;14;16;23;21;26;21;17;17;15;15;417
35030 S.João B.Vista;31;23;39;40;40;30;37;27;19;23;18;17;18;25;28;18;16;21;13;483
35031 Mogi Mirim;49;61;71;63;56;50;42;30;30;42;39;24;33;38;31;38;33;39;43;812
35032 Campinas;877;893;890;901;722;502;432;375;331;390;372;360;385;389;411;368;336;368;327;9629
35033 Amparo;12;15;14;15;12;12;11;9;13;20;7;19;13;13;7;14;12;5;8;231
35034 Dracena;11;7;5;9;11;5;9;8;8;4;15;12;18;9;8;11;10;17;8;185
35035 Adamantina;9;15;18;7;10;12;13;8;8;12;5;15;15;11;8;8;4;13;8;199
35036 Pres.Prudente;89;66;64;74;63;74;53;78;75;80;101;102;87;86;84;82;109;87;75;1529
35037 Tupã;12;7;14;10;12;6;3;4;17;11;5;8;5;10;9;7;11;14;5;170
35038 Marília;36;37;51;39;41;55;25;17;20;20;28;20;24;28;23;21;33;27;22;567
35039 Assis;42;27;32;22;35;41;30;9;22;33;28;21;23;31;26;17;23;16;20;498
35040 Ourinhos;30;19;27;28;38;31;26;20;24;21;27;22;27;16;22;24;18;26;20;466
35041 Itapeva;21;19;19;24;17;21;25;23;29;29;19;24;28;18;25;19;19;13;11;403
35042 Itapetininga;29;17;17;22;25;25;11;18;13;16;20;21;15;16;19;22;16;20;10;352
35043 Tatuí;36;50;32;53;57;37;47;25;21;26;31;19;35;25;29;23;14;23;28;611
35044 Capão Bonito;27;14;16;16;15;17;14;15;9;16;15;12;12;11;11;14;11;13;12;270
35045 Piedade;26;35;37;57;39;41;50;30;33;35;25;33;28;24;23;21;20;28;19;604
35046 Sorocaba;212;252;302;346;282;241;218;204;190;198;177;178;202;186;213;157;168;155;142;4023
35047 Jundiaí;71;121;100;111;110;60;84;69;72;69;69;59;70;81;80;61;53;57;38;1435
35048 Bragança SP;69;70;71;69;78;78;74;80;81;85;65;59;55;57;64;54;42;43;48;1242
35049 Campos Jordão;7;2;8;2;8;14;17;13;8;11;11;8;9;4;8;5;8;7;4;154
35050 S.José Campos;450;525;409;399;356;209;234;189;175;208;192;237;249;214;200;211;247;192;171;5067
35051 Guaratinguetá;45;83;83;64;68;57;61;32;54;72;58;89;81;76;83;70;82;100;117;1375
35052 Bananal;3;1;7;1;4;3;3;1;1;6;2;-;2;-;3;4;1;-;1;43
35053 Par./Paraitinga;10;5;9;8;8;7;5;2;5;16;11;7;11;8;9;9;11;8;5;154
35054 Caraguatatuba;115;128;140;149;113;112;146;75;84;91;74;82;61;63;75;108;87;56;61;1820
35055 Registro;36;51;51;46;52;46;53;28;34;42;37;41;43;25;33;32;26;32;33;741
35056 Itanhaém;77;77;89;90;62;45;57;37;53;45;50;38;48;47;39;34;38;36;37;999
35057 Osasco;1019;1115;1010;941;617;572;559;450;419;435;303;347;409;338;335;316;225;271;224;9905
35058 Franco da Rocha;137;148;138;159;132;132;137;101;82;92;81;74;71;57;68;63;56;61;47;1836
35059 Guarulhos;833;817;825;661;512;456;508;375;385;272;285;316;294;254;301;231;221;216;150;7912
35060 Itapec.Serra;596;727;685;587;466;327;333;247;263;235;261;233;264;236;212;155;125;115;100;6167
35061 São Paulo;7594;7280;6541;6212;4967;3584;3254;2537;2342;2361;2112;1869;2306;2099;2165;1827;1449;1274;790;62563
35062 Mogi das Cruzes;447;465;511;569;425;365;378;218;284;285;236;211;252;246;284;241;187;162;115;5881
35063 Santos;702;617;720;545;353;243;333;240;232;285;253;240;269;265;220;187;169;178;170;6221
35000 Ignorado - SP;837;824;274;640;484;389;136;107;117;172;137;139;162;143;149;122;115;90;81;5118
41001 Paranavaí;23;32;24;23;30;45;32;39;43;44;62;54;59;67;73;80;85;62;59;936
41002 Umuarama;36;38;39;55;65;57;61;69;58;81;82;73;50;60;61;59;70;76;76;1166
41003 Cianorte;9;6;10;15;12;22;17;18;24;16;22;26;20;23;21;26;46;33;33;399
41004 Goioerê;8;15;21;19;27;20;21;23;24;23;21;16;37;25;43;40;28;34;30;475
41005 Campo Mourão;18;40;46;55;56;71;64;58;60;73;70;48;61;46;67;54;62;43;47;1039
41006 Astorga;10;11;14;11;12;13;20;17;22;24;28;31;33;26;34;32;32;31;40;441
41007 Porecatu;10;7;13;9;19;10;11;14;27;19;20;30;30;25;17;23;18;16;15;333
41008 Floraí;2;3;2;2;2;2;4;1;1;-;1;4;4;4;7;2;3;5;1;50
41009 Maringá;34;40;48;47;37;72;66;101;93;86;97;131;164;131;108;95;90;110;98;1648
41010 Apucarana;26;19;18;27;41;47;41;48;65;38;52;66;49;47;47;58;63;50;33;835
41011 Londrina;110;158;214;255;256;212;207;153;212;204;187;190;253;155;178;158;188;187;113;3590
41012 Faxinal;9;10;6;7;5;5;9;4;8;7;8;6;8;3;5;7;11;10;12;140
41013 Ivaiporã;13;15;24;21;28;18;31;24;20;31;24;19;29;30;16;29;24;17;21;434
41014 Assaí;4;13;9;8;14;6;10;13;9;13;13;19;16;24;11;20;16;23;18;259
41015 Corn.Procópio;21;20;18;32;21;31;29;25;30;42;35;30;28;37;25;22;32;29;25;532
41016 Jacarezinho;11;19;20;16;17;19;9;17;14;22;13;31;15;17;8;12;20;21;18;319
41017 Ibaiti;9;11;9;12;13;9;11;17;14;20;17;6;12;14;11;13;9;7;8;222
41018 Wenceslau Braz;12;4;6;1;3;8;9;10;7;12;8;9;5;12;11;9;6;12;11;155
41019 Telêmaco Borba;24;28;25;37;36;43;44;53;65;54;48;44;57;43;71;66;96;56;56;946
41020 Jaguariaíva;17;15;11;17;16;16;16;22;26;21;22;16;15;16;18;11;19;17;23;334
41021 Ponta Grossa;54;82;85;90;91;77;73;50;74;79;88;83;82;66;93;93;103;88;81;1532
41022 Toledo;39;55;56;54;79;77;86;143;159;135;115;119;116;92;65;93;88;73;77;1721
41023 Cascavel PR;103;101;89;104;122;130;146;138;155;156;164;175;205;139;125;108;121;122;68;2471
41024 Foz do Iguaçu;197;247;293;276;325;316;364;352;271;247;230;187;224;157;135;141;137;132;147;4378
41025 Capanema;12;7;8;8;13;7;8;13;7;21;8;8;13;9;8;15;9;11;10;195
41026 Franc.Beltrão;23;29;27;28;23;29;32;23;24;30;29;46;41;36;41;43;44;40;30;618
41027 Pato Branco;18;13;12;21;22;26;30;29;26;36;29;32;33;26;18;30;26;16;20;463
41028 Pitanga;16;16;24;20;31;24;14;13;18;22;15;17;20;17;12;9;8;15;14;325
41029 Guarapuava;107;100;139;110;112;116;104;110;89;102;105;127;125;118;110;116;116;139;104;2149
41030 Palmas;16;23;20;37;48;37;53;40;24;31;16;28;26;25;33;18;24;25;25;549
41031 Prudentópolis;15;26;26;20;23;25;12;16;13;27;16;8;26;25;20;19;13;24;18;372
41032 Irati;9;10;11;11;11;14;16;20;15;14;15;10;14;7;8;13;8;5;10;221
41033 União Vitória;16;23;16;16;19;23;17;21;18;22;27;20;23;26;23;21;29;19;20;399
41034 S.Mateus do Sul;7;7;4;4;6;3;7;14;7;14;8;6;8;6;8;9;4;7;4;133
41035 Cerro Azul;8;-;5;6;3;4;6;2;9;5;9;4;6;2;11;12;6;9;7;114
41036 Lapa;4;2;9;4;8;7;11;8;8;3;14;10;10;13;12;13;17;7;14;174
41037 Curitiba;657;713;782;1003;1108;1269;1329;1264;1537;1740;1672;1489;1370;1199;1268;1227;1238;1024;874;22763
41038 Paranaguá;39;47;36;43;39;38;36;70;74;89;99;49;93;76;97;95;113;123;127;1383
41039 Rio Negro PR;13;9;11;12;15;13;11;9;11;12;12;15;15;17;13;8;13;18;22;249
41000 Ignorado - PR;30;38;36;19;18;16;31;44;84;83;85;94;94;75;48;37;45;23;34;934
42001 S.Miguel Oeste;16;11;10;26;17;10;12;10;19;15;15;17;12;16;20;19;15;22;15;297
42002 Chapecó;38;36;39;55;44;40;49;52;64;48;51;71;63;69;83;77;76;52;42;1049
42003 Xanxerê;15;13;14;22;22;25;21;17;25;20;22;14;16;10;24;25;26;27;22;380
42004 Joaçaba;40;49;37;41;43;36;39;43;43;42;39;23;28;24;34;30;33;33;28;685
42005 Concórdia;9;9;12;13;9;10;11;5;9;12;9;11;10;3;12;14;11;7;13;189
42006 Canoinhas;28;26;24;26;22;23;32;24;28;21;34;33;21;27;30;25;26;27;19;496
42007 S.Bento do Sul;5;6;17;7;10;10;16;8;12;15;16;11;11;14;7;14;9;12;12;212
42008 Joinville;63;63;67;63;79;72;76;82;109;121;116;117;131;116;130;181;213;185;145;2129
42009 Curitibanos;20;11;18;28;24;28;14;21;11;8;21;18;15;11;20;16;21;20;13;338
42010 Campos de Lages;30;25;32;41;25;29;31;23;32;38;32;32;34;26;40;42;42;28;29;611
42011 Rio do Sul;10;5;10;14;10;8;14;15;15;11;9;11;10;12;13;8;10;12;14;211
42012 Blumenau;12;29;26;37;18;36;30;48;47;54;56;50;59;51;43;50;57;71;73;847
42013 Itajaí;39;56;75;62;81;88;103;87;142;167;140;141;140;144;179;145;148;176;128;2241
42014 Ituporanga;2;-;3;3;6;1;7;1;3;5;4;5;1;2;2;9;6;5;2;67
42015 Tijucas;3;4;5;2;5;2;11;6;15;10;6;8;17;14;15;15;15;22;17;192
42016 Florianópolis;66;91;131;170;188;167;150;137;159;159;163;162;136;141;138;130;157;253;174;2872
42017 Tabuleiro;-;1;2;-;-;1;2;1;3;3;2;-;3;-;-;2;2;2;1;25
42018 Tubarão;9;15;19;17;10;14;15;22;21;25;42;38;24;33;33;38;37;40;37;489
42019 Criciúma;16;15;25;34;16;23;23;13;33;27;31;42;67;54;66;93;55;43;34;710
42020 Araranguá;12;12;17;9;9;9;10;17;10;18;13;6;21;22;15;21;22;24;24;291
42000 Ignorado - SC;-;-;2;-;-;1;-;-;2;1;2;1;2;-;1;3;3;5;1;24
43001 Santa Rosa;12;13;15;16;11;12;12;13;22;21;11;7;16;19;12;9;11;10;13;255
43002 Três Passos;16;18;13;16;20;18;15;7;13;21;16;13;10;14;20;15;18;25;13;301
43003 Fred.Westphalen;27;35;31;33;33;38;33;41;42;24;54;29;30;26;30;24;29;29;27;615
43004 Erechim;13;28;34;40;30;24;24;29;28;35;25;27;39;31;28;35;40;34;28;572
43005 Sananduva;1;4;3;5;4;6;3;6;4;3;5;1;2;2;4;8;2;6;3;72
43006 Cerro Largo;6;3;16;9;5;8;4;4;9;4;-;8;6;5;6;5;3;7;4;112
43007 Santo Ângelo;38;36;35;35;37;28;37;34;27;27;30;18;22;22;19;34;31;22;28;560
43008 Ijuí;16;24;21;24;22;25;13;22;11;11;15;13;13;22;15;11;11;27;19;335
43009 Carazinho;10;11;21;16;16;25;26;17;25;21;28;18;38;18;21;32;40;40;20;443
43010 Passo Fundo;44;55;38;57;47;50;66;59;67;73;69;58;62;71;59;73;56;64;43;1111
43011 Cruz Alta;11;20;22;16;23;20;23;17;24;19;28;27;17;16;23;32;23;22;28;411
43012 Não-Me-Toque;2;1;3;1;5;2;5;1;2;1;2;4;2;5;2;6;2;1;4;51
43013 Soledade;7;18;17;23;15;19;12;14;12;13;15;16;17;14;8;9;13;11;11;264
43014 Guaporé;6;7;2;15;7;14;18;14;5;9;11;11;11;14;11;10;18;15;14;212
43015 Vacaria;34;30;24;28;27;27;24;21;38;27;32;25;21;25;20;24;45;28;31;531
43016 Caxias do Sul;83;130;91;91;116;126;147;125;124;149;161;141;162;142;145;170;216;199;200;2718
43017 Santiago;10;23;12;15;17;5;10;13;12;22;13;12;10;9;9;14;19;13;16;254
43018 Santa Maria;30;32;30;37;37;39;40;29;42;44;37;44;47;46;58;67;77;81;67;884
43019 Restinga Seca;5;7;4;5;9;6;6;6;4;3;3;4;9;4;4;-;8;5;8;100
43020 S. Cruz do Sul;30;50;45;35;43;38;33;41;35;34;32;42;43;53;62;61;75;79;62;893
43021 Lajeado-Estrela;32;32;35;29;33;31;22;25;29;21;21;22;27;19;64;57;63;66;77;705
43022 Cachoeira Sul;10;12;19;15;16;10;13;11;6;12;17;10;9;16;17;17;27;21;13;271
43023 Montenegro;20;18;21;31;20;13;31;21;22;22;17;19;18;33;32;37;36;35;19;465
43024 Gramado-Canela;30;35;32;29;37;31;35;31;35;27;25;29;30;33;41;38;31;46;37;632
43025 S. Jerônimo;13;10;15;14;12;9;16;13;20;20;13;15;20;20;13;28;27;31;40;349
43026 Porto Alegre;947;956;1026;1032;1097;1122;1041;1318;1434;1282;1143;1198;1412;1312;1650;1707;1833;1853;1382;24745
43027 Osório;29;30;40;27;29;31;51;71;55;63;63;58;74;91;94;105;145;144;127;1327
43028 Camaquã;8;8;17;11;17;20;18;12;21;23;10;18;12;20;19;23;23;24;23;327
43029 Campanha Ocid.;69;74;91;77;63;87;73;59;61;39;38;37;57;39;49;49;63;71;49;1145
43030 Campanha Centr.;22;23;20;17;20;24;17;15;28;30;24;20;13;27;16;22;19;23;21;401
43031 Campanha Merid.;19;24;33;32;23;26;21;18;23;26;25;18;9;20;12;17;29;32;21;428
43032 Serras Sudeste;13;16;8;8;11;12;16;14;11;20;14;14;19;11;10;17;32;18;28;292
43033 Pelotas;22;44;37;41;55;46;37;53;57;67;47;68;71;80;85;127;101;125;113;1276
43034 Jaguarão;2;4;8;10;5;1;4;2;4;2;5;3;2;-;2;2;5;8;7;76
43035 Litoral Lagunar;31;23;33;18;20;27;37;23;28;27;35;29;32;43;64;59;54;101;103;787
43000 Ignorado - RS;-;-;-;-;-;1;-;-;-;-;1;1;-;-;-;-;-;-;-;3
50001 Baixo Pantanal;38;40;44;44;53;49;55;42;32;41;29;40;38;36;46;42;34;38;47;788
50002 Aquidauana;19;30;21;18;23;18;31;20;23;29;14;26;23;19;26;18;24;22;19;423
50003 Alto Taquari;26;18;38;18;26;19;22;19;32;29;17;26;25;29;30;24;36;27;32;493
50004 Campo Grande;256;222;213;242;219;207;210;259;206;217;206;186;196;156;202;201;194;164;149;3905
50005 Cassilândia;8;11;13;11;11;7;16;10;13;15;7;15;9;12;18;10;11;12;13;222
50006 Paranaíba;15;11;17;16;14;10;13;16;10;13;12;23;13;28;25;19;10;20;10;295
50007 Três Lagoas;34;38;46;42;50;45;41;28;53;60;48;57;43;38;36;35;48;50;38;830
50008 Nova Andradina;11;9;13;21;15;19;22;13;19;19;17;20;16;17;20;6;20;16;9;302
50009 Bodoquena;39;19;24;30;19;21;35;20;25;21;12;19;21;20;23;28;15;31;20;442
50010 Dourados;144;129;145;182;139;154;168;193;209;193;210;194;197;184;192;179;190;194;160;3356
50011 Iguatemi;49;69;65;53;69;66;70;90;76;88;84;67;101;83;82;72;89;84;75;1432
50000 Ignorado - MS;12;25;45;28;18;16;-;-;1;-;-;-;1;8;-;-;-;1;-;155
51001 Aripuanã;47;59;78;89;63;68;50;70;54;60;45;50;45;57;51;51;59;67;42;1105
51002 Alta Floresta;22;31;34;27;29;26;29;20;28;29;23;22;39;32;46;48;53;53;35;626
51003 Colíder;35;30;43;49;33;34;41;34;31;26;41;42;40;57;56;57;54;48;57;808
51004 Parecis;23;27;27;16;23;27;24;18;19;29;33;39;29;35;41;40;37;47;34;568
51005 Arinos;23;27;21;27;28;28;30;15;23;21;29;21;13;20;20;28;19;21;16;430
51006 A.Teles Pires;38;28;38;38;43;48;35;49;42;63;48;53;59;73;85;74;89;102;109;1114
51007 Sinop;42;33;46;33;46;39;40;46;54;57;49;51;65;86;106;68;65;89;66;1081
51008 Paranatinga;12;9;7;6;18;8;13;19;7;6;7;12;16;18;21;13;18;10;16;236
51009 Norte Araguaia;63;55;56;40;34;35;39;41;39;29;31;36;34;19;33;29;30;34;28;705
51010 Canarana;24;18;22;12;17;22;22;19;20;20;18;19;19;22;25;25;21;37;26;408
51011 Médio Araguaia;10;13;12;17;12;9;15;6;11;10;10;9;8;9;21;10;16;12;13;223
51012 Alto Guaporé;36;19;29;15;17;17;8;14;14;29;23;26;24;26;28;16;21;18;43;423
51013 Tangará Serra;36;17;25;22;20;23;33;27;40;38;49;33;44;44;37;45;34;43;63;673
51014 Jauru;23;32;21;25;25;23;22;31;18;27;19;18;17;20;17;23;19;27;29;436
51015 Alto Paraguai;9;3;9;13;11;6;11;3;19;10;14;9;14;4;10;14;13;14;12;198
51016 Rosário Oeste;1;6;7;8;9;6;3;1;6;8;4;-;5;6;3;12;11;7;6;109
51017 Cuiabá;417;447;345;340;296;316;347;327;352;358;348;384;417;363;486;414;362;247;227;6793
51018 Alto Pantanal;36;26;28;27;31;27;34;32;44;42;21;35;25;38;37;40;41;32;32;628
51019 Primavera Leste;10;10;22;9;22;19;10;17;18;29;33;21;32;45;57;38;44;47;27;510
51020 Tesouro;7;12;14;9;5;13;11;7;4;4;8;11;8;12;11;16;17;13;22;204
51021 Rondonópolis;71;64;58;58;52;85;61;81;76;79;93;90;103;157;155;126;140;106;72;1727
51022 Alto Araguaia;5;5;6;8;7;2;8;6;8;14;12;17;8;6;7;11;12;24;10;176
51000 Ignorado - MT;-;2;-;20;12;26;10;6;10;12;14;11;10;9;5;5;5;4;4;165
52001 S.Miguel Arag.;8;10;12;5;8;16;11;21;20;16;12;12;15;24;20;27;35;37;22;331
52002 Rio Vermelho;8;17;10;10;11;11;11;12;17;5;9;11;16;23;26;28;19;36;28;308
52003 Aragarças;5;9;11;9;8;7;7;14;13;14;13;13;12;13;14;18;17;15;12;224
52004 Porangatu;18;33;43;35;54;30;36;36;20;26;49;43;51;68;61;65;56;69;68;861
52005 Chap.Veadeiros;10;13;14;17;17;13;19;11;11;11;9;8;6;8;12;23;17;22;13;254
52006 Ceres;29;26;32;30;27;32;24;30;38;49;51;36;43;62;44;57;63;54;61;788
52007 Anápolis;92;70;89;87;117;107;95;113;118;135;137;118;190;236;209;218;285;269;255;2940
52008 Iporá;8;6;3;10;6;8;8;15;10;6;13;8;12;9;21;12;11;13;14;193
52009 Anicuns;4;13;12;7;6;13;8;16;8;14;4;11;8;10;15;11;15;17;29;221
52010 Goiânia;397;437;564;530;589;554;592;580;706;716;673;898;1147;1197;1248;1234;1165;1153;1102;15482
52011 Vão do Paranã;8;15;14;14;26;20;11;16;30;16;35;25;15;25;35;30;54;45;32;466
52012 Ent.Brasília;337;336;384;411;441;464;460;446;554;597;653;736;804;769;678;742;765;601;556;10734
52013 SO de Goiás;55;57;68;64;88;96;106;85;90;133;171;156;220;205;180;163;165;214;132;2448
52014 Vale Rio Bois;16;13;17;13;10;5;15;9;15;12;22;15;23;39;28;42;25;47;44;410
52015 Meia Ponte;48;59;37;56;59;47;48;49;70;79;58;98;111;104;115;135;150;145;161;1629
52016 Pires do Rio;7;8;11;6;17;6;13;8;17;8;6;10;12;19;20;15;25;13;29;250
52017 Catalão;13;15;22;16;17;12;21;20;18;13;16;22;34;20;33;59;64;56;40;511
52018 Quirinópolis;9;17;17;14;15;23;9;12;8;14;11;11;31;57;56;59;37;37;37;474
52000 Ignorado - GO;13;13;10;12;8;4;15;28;29;38;37;41;43;87;72;59;68;58;40;675
53001 Brasília;687;693;641;742;696;657;660;711;812;882;786;902;954;837;843;742;760;610;530;14145
Total;45433;48032;49816;51534;48909;48136;49704;48219;50659;52043;53016;52807;57045;57396;60474;59080;62517;65602;57956;1018378
 Fonte: MS/SVS/CGIAE - Sistema de Informações sobre Mortalidade - SIMbr;;;;;;;;;;;;;;;;;;;;
 Nota:;;;;;;;;;;;;;;;;;;;;
 ;;;;;;;;;;;;;;;;;;;;
 Em 2011, houve uma mudança no conteúdo da Declaração de Óbito, com maior detalhamento das informações coletadas. Para este ano, foram;;;;;;;;;;;;;;;;;;;;
 utilizados simultaneamente os dois formulários. Para mais detalhes sobre as mudanças ocorridas e os seus efeitos, veja o documento;;;;;;;;;;;;;;;;;;;;
" ""Sistema de Informações sobre Mortalidade - SIM. Consolidação da base de dados de 2011"".";;;;;;;;;;;;;;;;;;;;
 No dia 13/06/2019, os arquivos do SIM referentes ao ano de notificação 2017 foram atualizados, com alteração das causas básicas de 2 registros e exclusão de 1 registro.;;;;;;;;;;;;;;;;;;;;
 ;;;;;;;;;;;;;;;;;;;;
